Additional Mathematics,Examinations Councils of Eswatini
Agriculture,Examinations Councils of Eswatini,Cambridge Assessment International Education
Bookkeeping and Accounts,Examinations Councils of Eswatini,Cambridge Assessment International Education
Business Studies,Examinations Councils of Eswatini,Cambridge Assessment International Education
Consumer Science,Examinations Councils of Eswatini
Design and Technology,Examinations Councils of Eswatini,Cambridge Assessment International Education
Development Studies,Examinations Councils of Eswatini,Cambridge Assessment International Education
English Language,Examinations Councils of Eswatini,Cambridge Assessment International Education
English Literature,Examinations Councils of Eswatini,Cambridge Assessment International Education
French,Examinations Councils of Eswatini
Geography,Examinations Councils of Eswatini,Cambridge Assessment International Education
History,Examinations Councils of Eswatini
Mathematics,Examinations Councils of Eswatini,Cambridge Assessment International Education
Religious Education,Examinations Councils of Eswatini
Science,Examinations Councils of Eswatini,Cambridge Assessment International Education
SiSwati,Examinations Councils of Eswatini
