Accounting,Examinations Councils of Eswatini,Cambridge Assessment International Education
Agriculture,Examinations Councils of Eswatini,Cambridge Assessment International Education
Biology,Examinations Councils of Eswatini,Cambridge Assessment International Education
Business Studies,Examinations Councils of Eswatini,Cambridge Assessment International Education
Design and Technology,Examinations Councils of Eswatini,Cambridge Assessment International Education
Economics,Examinations Councils of Eswatini,Cambridge Assessment International Education
English Language,Examinations Councils of Eswatini,Cambridge Assessment International Education
Fashion and Fabrics,Examinations Councils of Eswatini,Cambridge Assessment International Education
First Language SiSwati,Examinations Councils of Eswatini
Food and Nutrition,Examinations Councils of Eswatini,Cambridge Assessment International Education
Geography,Examinations Councils of Eswatini,Cambridge Assessment International Education
History,Examinations Councils of Eswatini
Literature in English,Examinations Councils of Eswatini,Cambridge Assessment International Education
Mathematics,Examinations Councils of Eswatini,Cambridge Assessment International Education
Physical Science,Examinations Councils of Eswatini,Cambridge Assessment International Education
Religious Education,Examinations Councils of Eswatini
Siswati as a Second Language,Examinations Councils of Eswatini
